name,state,price,currency,text,category,subcategory
"Front badge Steyr Puch, Puch eagle Steyr Puch (1959-1972)",Korišćeno,12000,din,"Prednja maska-amblem za Fiat Puch 500, solidno ocuvan.  
Samo za prave ljubitelje oldtajmera.",Automobili | Oprema,Oldtajmeri | Oprema
Texas Instruments USB Data Kabel,Korišćeno,1200,din,USB Data kabel za Texas Instruments kalkulatore.,Oprema za poslovanje,Kancelarija | Pribor i materijali
Texas Instruments TI30 Eco Solarni Kalkulator,Korišćeno,1200,din,Potpuno ispravan i odlicno ocuvan.,Oprema za poslovanje,Kancelarija | Pribor i materijali
Hewlett Packard 48GX Graficki Kalkulator,Korišćeno,150.0,€,"Hewlett Packard 48GX Graficki Kalkulator potpuno ispravan i odlicno ocuvan.

Rešite svoje probleme iz matematike i nauke u kratkom roku s kompaktnim kalkulatorom HP 48GX. Ovaj HP kalkulator ima ugrađenu biblioteku jednacina sa preko 300 formula koje olakšavaju izračune.
Nadalje, HP 48GX kalkulator podržava vezu sa stampacem koja omogućuje trenutni ispis grafikona i jednacina.
LCD ekran ovog kompaktnog kalkulatora omogućava pregled unesenih brojeva, formula, grafikona i jednacina.
Štaviše, ovaj kalkulator takođe jasno prikazuje dvo-i trostruku grafiku. Dakle, ako tražite kalkulator koji bi zadovoljio vaše potrebe, onda je ovaj HP kalkulator idealan.",Oprema za poslovanje,Kancelarija | Pribor i materijali
Beurer usb kabel za punjenje sata,Korišćeno,1200,din,"Beurer usb kabel za punjenje activity sensor sata, ipravan i ocuvan.",Mobilni tel. | Oprema i delovi,Kablovi i adapteri
Samsung BN59-00802A Mini TV Remote Control Pebble,Korišćeno,1800,din,"Samsung daljinski Peeble Mini daljinski BN59-00802A, potpuno ispravan i solidno ocuvan.",TV i Video,Daljinski upravljači
Logitech Harmony 300 Univerzalni Daljinski,Korišćeno,3600,din,"Prodajem Logitech Harmony 350, univerzalni daljinski upravljac koji moze da kontrolise 4 uredjaja.
Brzo se konfigurise preko aplikacije My Harmony, povezivanjem preko muni usb kabla sa kompjuterom. Baza uredjaja se svaki dan dopunjuje i ima preko 270.000 uredjaja. Ima i one touch funkciju preko koje se odmah pali TV zatim sat receiver i nakon toga audio pojacalo ili neki drugi uredjaj koji mu se dodeli.",TV i Video,Daljinski upravljači
Edimax N300 Mini Wi-Fi Extender/Access Point/Wi-Fi Bridge,Korišćeno,3600,din,"Prodajem Edimax N300 Mini Wi-Fi Extender koji radi i kao Access Point i Bridge.
Ispravan i perektno ocuvan.
Veoma jednostavno postavljanje uredjaja preko aplikacije za Apple ili Android telefone.

Proširuje opseg postojećih 802.11b / g / n Vi-Fi mreža iQ podešavanje za lako Wi-Fi proširenje Smart App Control & Analitics: Besplatna aplikacija EdiRange sa lokalnom Wi-Fi analizom okruženja, zakazivanjem Wi-Fi mreže i mrežom za goste
Pametan režim 3 u 1: Pristupna tačka, Wi-Fi Ekstender i Wi-Fi Bridge
Kompaktan, tanak zidni utikač za pogodan položaj.
Pronalazi najbolju lokaciju za podešavanje za optimalnu pokrivenost Wi-Fi signalom sa LED-om za jačinu signala
Sadrži hardverski WPS (Wi-Fi Protected Setup) dugme",Kompjuteri | Desktop,Mrežni uređaji
Amazon Fire Stick Model W87CUN,Korišćeno,3600,din,Prodajem Amazon Fire Stick potpuno ispravan i odlicno ocuvan.,TV i Video,Smart TV box
Sennheiser EW 100 G2 Wireless Mic Bodypack Transmitter,Korišćeno,9500,din,Prodajem Sennheiser EW100 G2 Bezicni predajnik potpuno ispravan i odlicno ocuvan.,Muzika i instrumenti,Ozvučenja | Bežični sistemi
Scubapro R190 Regulator za ronjenje,Korišćeno,120.0,€,Prodajem Scubapro regulator potpuno ispravan i solidno ocuvan sa sitnim tragovima koriscenja.,Sport i razonoda,Ronilačka oprema
Ray Charles The Asolutely Essential Collection,Korišćeno,1000,din,Prodajem kolekciju Ray Charlesa Apsolutno esencijalnu na 3 Kompakt diska.,"Audio | Vinili, CD i kasete",Originalni CD-ovi | Strani
Jack Daniels Kozna torbica sa prelepom kopcom,Kao novo - nekorišćeno,2400,din,"Prodajem koznu torbicu Jack Daniels, odlicno ocuvanu, kao nova je, ako i nije.","Torbe, novčanici i asesoari",Torbe | Muške
Logitech K400 Tastatura i Touchpad,Korišćeno,2000,din,"Prodajem Logitech K400 tastaturu sa touchpadom, potpuno ispravna i odlicno ocuvana, prodaje se bez unifying receivera.",Kompjuteri | Desktop,Tastature
Universum Flip Sat sa Radiom Universum Flip Sat sa Radiom,Korišćeno,1200,din,"Prodajem Universum Flip sat sa radiom, potpuno ispravan i solidno ocuvan.",Audio,Radio prijemnici
MTS 066 Sestocifren Broj,Kao novo - nekorišćeno,6000,din,"Prodajem MTS 066 432 044 Lep sestocifren broj, potpuno nov i neoriscen.",Mobilni tel. | Oprema i delovi,Brojevi
Plantronics Blackwire 5220 USB,Korišćeno,6500,din,"Prodajem Plantronics Blackwire 5220 USB Headset slusalice, potpuno ispravne i odlicno ocuvane.",Kompjuteri | Desktop,Slušalice i mikrofoni
Philips B120E/37 InSight Wireless HD Baby Monitor,Korišćeno,6000,din,"Philips Baby In. Sight Hd Baby Montor- Camera, potpuno ispravna i odlicno ocuvana.
Philips In. Sight Bežični monitor za bebe omogućava vam gledanje i slušanje bebe kroz iPhone / iPad. Iskusite kristalno jasnu HD kvalitet, a uz značajku noćnog viđenja čak možete vidjeti bebu u mraku.
WiFi baby monitor za smeštaj bilo gde u vašem domu
Gledajte bebu na iPhoneu putem besplatne aplikacije Wi-Fi / 3G / 4G
Kristalno jasan način prikaza i noćnog gledanja HD kvaliteta videozapisa kako biste vidjeli bebu jasno u mraku
Telefonske upozorenja o otkrivanju buke
kretanja pomoću kamere i praćenje u stvarnom vremenu s ocitavanjem temperature i vlage
Roditelji koriste monitore zajedno u multi-user modu i roditelji razgovaraju sa svojim bebom preko iPhone / iPad
Istovremeno pratite više pametnih telefona
Dimenzije: 66,2 x 104 x 66,2 mm",Bebi oprema i stvari,Električni uređaji
Nintendo Game Cube Napajanje,Korišćeno,1200,din,"Nintendo napajanje, potpuno ispravno i ocuvano.",Konzole i igrice,Nintendo | Delovi i oprema
"TP-Link TPL-M5350 router, wireless 3G",Korišćeno,3600,din,"Tp Link M5330 Wireless 3G ruter, potpuno ispravan i odlicno ocuvan, baterija odlicna, konekcija do 10 korisnika. Uredjaj je testiran na MTS Mrezi, radi i na svim ostalim mrezama.",Kompjuteri | Desktop,Modemi i ruteri
Olympus VN8500 Voice Recorder,Korišćeno,5000,din,"Olympus diktafon potpuno ispravan i odlicno ocuvan. 1 GB interne menorije

Veliki matrix ekran sa punim tačkama sa mogućnošću odabira veličine fonta i podešavanja kontrasta
USB veza za brzo preuzimanje na računar
Visok kvalitet zvuka: VMA format datoteke i popularan mp3 format
5 Foldera za skladištenje datoteka, 200 snimanja po folderu
3 kvaliteta snimanja (HK / SP / LP)",Audio,Profesionalna oprema
Olympus WS802 Voice Recorder,Korišćeno,5000,din,"Olympus Voice Recorder, potpuno ispravan i odlicno ocuvan.

4Gb Internal Memory With Micro SD Card Slot
USB Direct Connector And Battery Charge Function
Pcm/Mp3/Wma Stereo Recording
New Voice Balancer Function
New Voice Playback Function",Audio,Profesionalna oprema
Huawei Mobile Wi-FI E589 3G 4G LTE Router,Korišćeno,6000,din,"Huawei Mobile Wi-FI E589 potpuno ispravan i odlicno ocuvan Mi-Fi ruter.
Ruter je otkljucan za sve mreze.",Kompjuteri | Desktop,Modemi i ruteri
Sennheiser OMX 680 In-Ear Sports Earclip Headphone,Korišćeno,1500,din,Potpuno ispravne i odlicno ocuvane slusalice.,Audio,Slušalice
Sennheiser HD 438 Slusalice,Korišćeno,5500,din,Potpuno ispravne i odlicno ocuvane slusalice.,Audio,Slušalice
Beats by Dr. Dre B0500 Studio 2.0 Headphones Wired,Korišćeno,12000,din,"Potpuno ispravne i savrseno ocuvane zicne slusalice. Savrsen zvuk sa beats slusalicama.
Uz slusalice se dobija i zastitna torbica kao i punjac sa usb kablom.",Audio,Slušalice
Braun Silk epil Serija 5,Kao novo - nekorišćeno,2500,din,"Braun Silk epil Serija 5, potpuno ispravan i odlicno ocuvan.","Nega lica, tela i ulepšavanje",Aparati i oprema
Gastroback Design Espresso Maschine Advanced 42609,Korišćeno,9000,din,"Prodajem aparat za espresso kafu Gastroback Nemacki odlican, potpuno ispravan i solidno ocuvan.
Pravi fenomenalnu espresso kafu sa odlicnom cremom. Na aparatu nedostaje resetka gde se drzi solja, sve ostalo je u solidnom stanju. Uz aparat ide kasika sa filterom za calde-jastucice.

S izdržljivim kućištem i profesionalnom funkcionalnosti kao i izvrsnim performansama, Gastro 42609 Espresso je idealan aparat za istinske ljubitelje kave.
Luksuzni dizajn
ULKA profesionalna espresso pumpa
17 bara (portafilter)
PAD sistem: Također je pogodan za uporabu s espresso jastučićima
2.2-litreni spremnik
Sistem termo blok grejanja
Funkcija tople vode
Indikator nivoa
Uvek savršena kafa i user-friendly rukovanje
Soljice do 11 cm visine",Bela tehnika i kućni aparati,Aparati za kafu
DeLonghi ECZ 351. Scultura,Kao novo - nekorišćeno,13500,din,"Prodajem DeLonghi ECZ 351 Scultura Aparat za Espresso Kafu, u savrsenom ispravnom stanju kao nov i nekoriscen. Pravi izvanrednu espresso kafu, kapucino i caffe Latte. Aparat je koriscen svega nekoliko puta. Isporucuje se sa Portafilterom i dodacima koje mozete videti na slikama, za jednu kafu, dve kafe, dodatkom za kalde i plasticnom kasikom za merenje kafe a sa druge strane je tamper.

DeLonghi ECZ 351. BK Scultura Profesionalna multifunkcionalna espresso mašina Kapućino crema Automatski režim pripravnosti Inteligentno dizajniran držač filtera za savršen kapućino Snaga: 1100 V Pritisak pumpe 15 bara Sistem ventilacije, uvek spreman za upotrebu Višenamenski držač filtera za mlevenu kafu Cink belo metalno-plastično kućište sa ekskluzivnim hromiranim elementima Kapućino crema Sistem grejanja kotla Odvojeni termostati za kafu i paru Kotao od nerđajućeg čelika Vruća čajna voda Prozirni prenosni rezervoar za vodu (1,4 litra)",Bela tehnika i kućni aparati,Aparati za kafu
Kenwood Delovi za aparat,Neispravno ili oštećeno,1800,din,Prodajem delove za Kenwood masinu za seckanje.,Bela tehnika i kućni aparati,Kuhinjski aparati
Bosch AL1115 CV Li-Ion Punjac,Kao novo - nekorišćeno,3600,din,"Bosch AL1115 CV punjac za baterije od 3,6 Volti do 10,8 volti 1,5 Ampera.
Potpuno ispravan i kao nov i nekoriscen.",Alati i oruđa,Električni aku alati
"Dyson V10, V11, Absolute Animal Motorhead Strujni adapter",Korišćeno,2400,din,"Dyson Strujni adapter za V10, V11 i Absolute Animal Motorhead Cordless Vacuum.
Potpuno ispravan i odlicno ocuvan, Model 217160-03
30,45 Volti 1,1 A",Bela tehnika i kućni aparati,Usisivači i paročistači | Delovi i oprema
Apple A1343 Magsafe 85W Power Adapter,Korišćeno,6000,din,"Apple A 1343 Magsafe power adapter potpuno ispravan i solidno ocuvan sa svojim strujnim kablom.
18,5 volti 4,6 Ampera",Kompjuteri | Laptop i tablet,Laptopovi | Apple oprema i delovi
"Dell Originalni Punjac 19,5V 6,7A LA130PM121",Korišćeno,2400,din,"Prodajem ispravan i testiran Dell punjac za Lap Top 19,5 volti 6,7 ampera.
Konektor je sa iglicom siroki.",Kompjuteri | Laptop i tablet,Laptopovi | Adapteri
Braun Serija 7 Aparat za Brijanje Crni,Korišćeno,6000,din,"Prodajem ispravan i testiran, odlicno ocuvan Braun aparat za brijanje iz vrhunske serije 7.

5 načina brijanja od Sensitive do Turbo
Wet & Dry može se koristiti kao suvo ili brijanje ispod tuša
Braun Sonic tehnologija očitava i prilagođava se bradi
1 sat punjenja za pun kapacitet
5 minuta punjenja za jedno brijanje
Boja crna",Bela tehnika i kućni aparati,Uređaji za ličnu negu
Plantronics Voyager Edge Bluetooth Slusalica Crna,Korišćeno,7500,din,"Prodajem ispravnu bluetooth slusalicu Plantronics Voyager Edge.
Slusalica je odlicno ocuvana i ima funkciju poništavanja buke, koja omogućava jasnije razgovore
Smart senzor može preusmeravati pozive na telefon ili slušalicu, pauzirati muziku u toku poziva i automatski se javljati po postavljanju slušalice na uvo
Glasovne komande za još lakše upravljanje
Nano tehnologija premaza, pruža nevidljivi sloj zaštite, koji onemogućava prljanje
Otporne na vlagu i prosipanje tečnosti
Trajanje baterije: 6h",Mobilni tel. | Oprema i delovi,Slušalice za mobilne telefone
Jabra Pro 9400BS Baza,Korišćeno,2400,din,"Prodajem ispravnu Jabra Pro 9400BS bazu, bez slusalice.
Povezuje sa vasim mobilnim i smart telefonom kao i fixnim telefonom.
Poseduje ekran osetljiv na dodir.",Kompjuteri | Desktop,Slušalice i mikrofoni
Spyder 2 ColorVision Kalibrator za Monitore,Kao novo - nekorišćeno,4800,din,"Colorvision Spyder 2 Kalibrator za monitore, radi na windows 7 operativnom sistemu,
potpuno ispravan u svojoj originalnoj kutiji sa softwerom na cd-u i serijskim brojem za upotrebu.",Kompjuteri | Desktop,Monitori
Selle Royal Shadow Sediste za Bicikl,Korišćeno,1200,din,"Prodajem Selle Royal Shadow sediste za bicikl ocuvano i ispravno, prodaje se bez cevi, dakle samo sediste.",Bicikli | Delovi i oprema,Sedišta
Selle Italia Cube Sediste za Bicikl,Korišćeno,1800,din,Prodajem Sediste za Bicikl Selle Italia Cube odlicno ocuvano i naravno ispravno i spremno za upotrebu. Made in Italy.,Bicikli | Delovi i oprema,Sedišta
Abus TVAC16000 Security Centar Monitor,Korišćeno,6500,din,"Pradajem Abus Monitor za Security  sisteme za video nadzor, na monitor se mogu povezati 4 kamere. Monitor je potpuno ispravan i odlicno ocuvan, isporucuje se sa svojim dokom i strujnim adapterom. Na njega se mogu kaciti kamere koje ispred modela imaju TVAC

7 ""Set za kućni video nadzor Touch & App (Art. Br. TVAC16000B)

7 ""monitor u boji sa integrisanim zvučnikom (radi na punjivim baterijama) Jednostavno rukovanje intuitivnim ekranom osetljivim na dodir Mobilni pristup putem aplikacije
Daljinski pristup putem LAN-a pomoću priključne stanice (baterija za monitor se istovremeno puni) Može se proširiti na četiri bežične kamere",Elektronika i komponente,Video nadzor
Garmin Drive 50 Auto navigacija,Korišćeno,8500,din,"Prodajem Garmin Drive 50 auto navigaciju poslednje generacije. Navigacija je sa ubacenim mapama Evrope  i kompletna je sa auto punjacem, nosacem i drzacem.",Automobili | Oprema,Navigacije
Black Guard Crni Novcanik sa drzacem za kartice,Korišćeno,1800,din,"Prodajem Black Guard crni novcanik sa posebnim mestom za drzanje kartica, vidi se na slikama.","Torbe, novčanici i asesoari",Novčanici | Muški
Gemalto Citac Biometrijskih dokumenata,Korišćeno,1200,din,"Prodajem Gemalto citac biometrijskih dokumenata, potpuno ispravan i odlicno ocuvan.",Kompjuteri | Desktop,Elektronski čitači
Carolina Herrera VHE634 Designer Glasses,Korišćeno,8500,din,Prodajem perfektno ocuvane dizajnerski okvir za zenske naocare Carolina Herrera.,"Nakit, satovi i dragocenosti",Naočare | Dioptrijski okviri
Casio FX-602P Programmable Scientific Calculator,Korišćeno,14000,din,Prodajem ispravan Programabilni scientific kalkulator. Kalkulator je u odlicnom stanju.,Školski pribor i udžbenici,Školski pribor
Muski Crni novcanik,Kao novo - nekorišćeno,1800,din,"Prodajem je nov i nekoriscen muski novcanik crne boje.
Novcanik se isporucuje u originalnoj ambalazi.","Torbe, novčanici i asesoari",Novčanici | Muški
Siemens RK 702 Radio Prijemnik - Tranzistor,Korišćeno,2200,din,Prodajem radio prijemnik Siemens RK 702 potpuno ispravan i solidno ocuvan sa sitnim znacima koriscenja.,Audio,Radio prijemnici
Eschenbach 10X 38D 40 LED Illuminated Magnifier,Korišćeno,6000,din,Eschenbach 10Ks 38D 40 LED osvetljena lupa. Eschenbach 10X ispravna i odlicno ocuvana.,"Nakit, satovi i dragocenosti",Naočare | Dioptrijski okviri
Fuji Finepix Real 3D W3,Korišćeno,200.0,€,"Fuji Finepix Real 3D model W3 digitalni fotoaparat, potpuno ispravan i perfektno ocuvan.",Foto,Digitalni fotoaparati | Kompakt
Kruzna testera 80 zuba 50 mm fi,Korišćeno,1000,din,Kruzna testera za mini cirkulare 80 zuba fi 50 mm,Alati i oruđa,Električne testere i cirkulari
Lula Stara Rucno slikana,nepoznato,6500,din,Stara lula rucno oslikana u kombinaciji sa drvetom i keramikom.,Kolekcionarstvo,Suveniri
Strujna uticnica sa daljinskim upravljacem,Korišćeno,1200,din,"Prodajem strujnu uticnicu sa daljinskim upravljacem, potpuno ispravnu i solidno ocuvanu.",Elektronika i komponente,Utičnice i utikači
Philips daljinski za TV i DVD,Korišćeno,1200,din,Philips daljinski za TV i DVD potpuno ispravan i ocuvan.,TV i Video,Daljinski upravljači
Logitech M345 Fire Red Wireless miš,Korišćeno,1500,din,"Logitech M345 Fire Red wireless mis, potpuno ispravan i solidno ocuvan sa sitnim tragovima koriscenja. Mis se prodaje bez unifying receivera.",Kompjuteri | Desktop,Miševi
Logitech M170 Crni Mis sa receiverom,Korišćeno,1200,din,Logitech M170 mis sa nano receiverom ispravan i savrseno ocuvan.,Kompjuteri | Desktop,Miševi
Sony SA-CT80 Sound Bar sa Bluetoothom,Kao novo - nekorišćeno,5500,din,"Sony Sound bar sa bluetoothom, potpuno ispravan i perfektno ocuvan, nedostaje woofer ali moze i ovako lepo da svira, bolje od Tv zvunika sigurno. Ima opticki ulaz, sa strane USB i ulaz za slusalice.",Audio,Zvučnici
Sennheiser HD25 Sp II 60 Ohm,Korišćeno,11000,din,"Slušalice fantastičnog zvuka za DJ-eve i, pre svega, za zvučne tehničare, jer su gotovo nepoderive, pakleno glasne, čak i u najglasnijim klubovima. Po mom mišljenju jedna od najboljih DJ slušalica. Stanje slusalica se može opisati kao veoma dobro. Potpuno funkcionalne.",Muzika i instrumenti,DJ oprema
Jabra Evolve 40 HSC017 Headset with quality Microphone,Korišćeno,4300,din,"Jabra Evolve 40 kvalitetne slusalice sa mikrofonom, potpuno ispravne i funkcionalne i odlicno ocuvane.",Kompjuteri | Desktop,Slušalice i mikrofoni
Panasonic SJ-MJ70 Portable Mini Disc Player,Korišćeno,2500,din,"Panasonic mini Disc player, potpuno ispravan i solidno ocuvan sa sitnim tragovima koriscenja, Md ima plasticni nastavak za AAA bateriju tako da nema potrebe za posebnom baterijom.",Audio,Vokmeni i diskmeni
Uvex Crow Pro Biciklisticke Naocare za Profesionalce,Korišćeno,4500,din,"Prodajem perfektno ocuvane biciklisticke naocare Uvex Crow Pro. Isporucuju se u svojoj originalnoj
torbici.",Bicikli | Delovi i oprema,Kacige i naočare
La Cimbali Frigo Milk Frizider za mleko,Korišćeno,8500,din,"Prodajem La Cimbali Frigo Milk Frizider za mleko, potpuno ispravan i ocuvan sa sitnim tragovima koriscenja.",Bela tehnika i kućni aparati,Aparati za kafu
Garmin Nuvi 2545 Auto Navigacija,Korišćeno,5200,din,"Prodajem ispravnu i ocuvanu auto navigaciju Garmin Nuvi 2545, sa mapama Evrope 2020.
Navigacije se prodaje sa kompletnom opremom auto punjac drzac i nosac.",Automobili | Oprema,Navigacije
Garmin Nuvi 1450 Auto Navigacija,Korišćeno,4500,din,"Prodajem ispravnu i testiranu auto navigaciju Garmin nuvi 1450, sa mapama Evrope 2020,
Navigacija se prodaje sa kompletnom opremom auto punjac, nosac i drzac.",Automobili | Oprema,Navigacije
Garmin Nuvi 1490 Auto Navigacija,Korišćeno,4200,din,"Prodajem ispravnu i ocuvanu auto navigaciju Garmin nuvi 1490, sa mapama evrope 2020,
ide sa kompletnom opremom, auto punjac, drzac i nosac.",Automobili | Oprema,Navigacije
Garmin Nuvi 66 Auto Navigacija,Korišćeno,6200,din,"Prodajem je Ispravnu i ocuvanu auto navigaciju Garmin Nuvi 66 sa mapama evrope 2020.
Uz navigaciju ide auto punjac, drzac i nosac za staklo.",Automobili | Oprema,Navigacije
No Rules Helmet Screwit za SkateBoard ili Bicikl,Korišćeno,1800,din,"Prodajem Comic No Rules Kacigu za SkateBoard, Rolere ili Bicikl.
Odlicno ocuvana u svojoj originalnoj kutiji, nije puno koriscena.",Sport i razonoda,Skateboarding
Eschenbach Vario H 6/100 Lupa sa Svetlom,Korišćeno,4000,din,"Eschenbach Vario H 6/100 Lupa sa Svetlom, potpuno ispravna i odlicno ocuvana sa svojim originalnim strujnim adapterom.","Nakit, satovi i dragocenosti",Naočare | Dioptrijski okviri
Bose 329679 Bluetooth Headphone USB Strujni adapter,Korišćeno,1200,din,Prodajem ispravan i testiran Bose Bluetooth Headphone strujni adapter 5V.,Audio,Delovi i oprema
Bose SoundDock XT Speaker Strujni Adapter,Korišćeno,1500,din,Prodajem ispravan i testiran strujni adapter za Bose Sound Dock XT.,Audio,Delovi i oprema
Digitalna Vaga i Metar za merenje kofera,Korišćeno,1200,din,"Potpuno ispravna i odlicno ocuvana vaga i metar za merenje duzine, visine kao i tezine kofera.","Torbe, novčanici i asesoari",Koferi
Jabra Supreme Bluetooth Susalica,Korišćeno,8500,din,"Jabra Supreme Bluetooth Slusalica, potpuno ispravna i funkcionalna, perfektno ocuvana.

Jabra Supreme Bluetooth slušalica pruža superiorni kvalitet zvuka uz odličnu izolaciju od spoljne buke zahvaljujući Active Noise cancellation, Noise Blackout™ i HD Voice tehnologijama i vrhunsku udobnost uz meki jastučić.
Ova slušalica poseduje i glasovnu kontrolu za pozivanje bez kontakta sa telefonom, kao i mogućnost uparivanja sa dva Bluetooth uređaja.",Mobilni tel. | Oprema i delovi,Slušalice za mobilne telefone
Fossil Men's Norton Id Bifold Money Clip Wallet,Korišćeno,1500,din,"Prodajem Fosil muski novcanik za kartice i ID funkcijom.
Novcanik ima metalnu kopcu i solidno je ocuvan.
100% Leather
Imported
Cotton lining
No Closure closure
Hand Wash
4"" high
3"" wide
Interior details: 6 credit card slots, 2 slip pockets","Torbe, novčanici i asesoari",Novčanici | Muški
Abus Galaxys Decja Kaciga M/L 53-58cm,Korišćeno,1200,din,"Abus Galxys Decja kaciga M/L za obim glave 53-58 cm, odlicno ocuvana, Idealna za bicikl, rolere ili Skejt.",Bicikli | Delovi i oprema,Kacige i naočare
Apple 45W Magsafe Power Adapter for Macbook Air,Korišćeno,5500,din,"Prodajem Apple Magsafe 2 Strujni Adapter 14,85 Volti 3.05 Ampera Konektor je sa 5 pina
za Macbook Air Lap topove. Adapter je potpuno ispravan i testiran. Model je A1436
Radna Garancija 30 dana",Kompjuteri | Laptop i tablet,Laptopovi | Apple oprema i delovi
Raymond Weil Kutija od sata sa Spoljnim kartonom Vintage,Korišćeno,3600,din,Raymond Weil Originalna kutija od sata sa spoljnom kutijom od kartona.,"Nakit, satovi i dragocenosti",Ručni satovi | Brendovi muški
Eschenbach System Vario H Lupa sa svetlom,Korišćeno,3600,din,Prodajem Eschenbach Lupu za citanje sa svetlom u stanju kao na slikama i sa svojim originalnim strujnim adapterom.,"Nakit, satovi i dragocenosti",Naočare | Dioptrijski okviri
Razer Orochi 2013 laserski gejmerski miš 6400dpi crni,Korišćeno,3600,din,"Prodajem ispravan i ocuvan Gamerski bluetooth mis Razer Orochi 2013.
Mis je zicno bezicni, moze da radi kao bluetooth ili da se poveze sa micro usb kablom.

Žični/bežični laserski RAZER Orochi 2013 RZ01-00820100-R3G1 USB 6400 DPI Gejmerski u crnoj boji, namenjen i levorukim i desnorukim korisnicima, napajanje pomoću 2x AA baterija, trajanje baterija 30 sati kod neprekidnog igranja, indikator stanja baterije, on/off prekidač za napajanje.   Tip miša žični/bežični laserski miš, gejmerski Rezolucija praćenja 6400 DPI (tačaka po inču, jedan inč je 2.54 centimetra) Konekcija USB, Bluetooth 3.0 bežično povezivanje Broj tastera 7 tastera, LED osvetljenje na skrol tasteru Skrolovanje vertikalno Kompatibilnost Windows 8, 7, Vista, Mac OS X (v10.7 – 10.9) Procesiranje - Ubrzanje - Brzina - Tehnologije Razer Synapse 2.0, 4G laser senzor Funkcionalnosti namenjen i levorukim i desnorukim korisnicima, napajanje pomoću 2x AA baterija, trajanje baterija 30 sati kod neprekidnog igranja, indikator stanja baterije, on/off prekidač za napajanje",Kompjuteri | Desktop,Miševi
"Sony XDR-C1DBP DAB+, FM Radio kontrolisani sat sa Alarmom",Korišćeno,6500,din,"Sony XDR-C1DBP Radio kontrolisani sat sa DAB+, FM radijom i sa usb funkcijom punjenja mobilnih i drugih uredjaja. Sat je potpuno ispravan i funkcionalan, solidno ocuvan.",Audio,Radio prijemnici
Deuter Aircomfort 40 Ranac za planinarenje,Korišćeno,1800,din,"Prodajem Deuter Aircomfort 40 ranac za planinarenje, solidno ocuvan i potpuno ispravan i funkcionalan.",Sport i razonoda,Planinarenje
Roland AC Adapter PSB-7U 12V-4A,Korišćeno,2500,din,"Prodajem Roland Strujni adapter 12 Volti 4 Ampera Model je SA150A-1240U-3
Potpuno ispravan i odlicno ocuvan. Adapter je za BK-5 Backing Keyboard.",Muzika i instrumenti,Klavijature | Oprema i delovi
Philips Sonicare Zamenske Cetkice,Kao novo - nekorišćeno,3600,din,"Philips Sonicare Zamenske cetkice za Philips Sonicare elektricnu cetkicu, nove i neotpakovane.
Pakovanje sadrzi 8 cetkica.",Bela tehnika i kućni aparati,Uređaji za ličnu negu
Behringer PSU8-EU V-Amp,Korišćeno,1800,din,"Prodajem Behringer V-Amp strujni adapter za Behringer V-AMP, V-AMP2, V-AMP3, LX1B, DFX69V-AMP3 und DFX69, potpuno ispravan i odlicno ocuvan.",Muzika i instrumenti,Gitarska oprema | Efekti i pedale
Gefu Zarezac za Povrce,Korišćeno,1200,din,"Gefu zarezac za povrce, nov i nekoriscen, poklon ljustilica za povrce.",Uređenje kuće,Kuhinjske stvari
Fitbit USB Charging Cable for Flex 2 Activity Tracker,Korišćeno,1000,din,"FitBit Usb kabel za punjenje za Flex 2 Activity Tracker.
Ispravan i ocuvan.",Sport i razonoda,Oprema za fitnes i aerobik
Stratel WTS 546 Toki voki,Korišćeno,4500,din,"Stratel WTS 546 mali Toki voki potpuno ispravni i solidno ocuvani sa sitnim tragovima koriscenja.
Isporucuju se sa strujnim adapterom koji puni baterije, obe istovremeno, baterije su u solidnom stanju.",Elektronika i komponente,Radio primopredajnici i oprema
Proxxon FBS 230E Modelarska Busilica/Glodalica,Korišćeno,6000,din,"Prodajem ispravnu i testiranu originalnu busilicu/glodalicu.
Za bušenje, glodanje, brušenje, poliranje, četkanje, sečenje, i graviranje. Ekstremno vitko kućište od POLIAMIDA ojačano staklenim vlaknima sa mekim komponentama u predelu prihvata pa omogućuje i držanje i sa dva prsta.
Omogućuje izuzetno lako rukovanje 
Balansiran i tih Dc motor, dugog radnog veka
Maksimalna brzina od 20.000 obr. može kontinuirano biti redukovana do 5000 obr.
Nudi skoro isti obrtni momenat i u nižem opsegu brzine. To je specijalno važno za mikro bušenje, brušenje i poliranje.
Visoko kvalitetne MICROMOT čelične čaure: Čak i male osovine su precizno ukljopljene
Bez vibriranja i zveckanja bitova i sekača
Deo za izmenu alata može pomoću dugmeta biti zaključan kako bi sprečio njegovo spadanje",Elektronika i komponente,Električni uređaji i alati
Garmin Vivoactive HR Smart Watch GT USB Charging Dock,Korišćeno,1200,din,Prodajem USB kabl za punjenje baterije u i sinhronizaciju Garmin Vivactive HR smart sata.,"Nakit, satovi i dragocenosti",Ručni satovi | Smartwatch
Rostilj Sebastijan Elegant 46X40 cm,Korišćeno,2400,din,"Prodajem rostilj Sebastijan velicine 46X40 cm odlicno ocuvan i svega nekoliko puta koriscen.
Metalne trakice na rostilju su od inoxa.

Roštilj na drveni ugalj i drva.
Dimenzije: 46x40cm
Materijal: Inox
Postojeći okvir roštilja zadržava temperaturu kod pečenja i sprečava prskanje masnoće iz mesa.
Masnoća se skuplja u tanjirić za ceđenje masnoće.
Ploča od inoxa je dosta praktična za pečenje mesa, ima blago udubljene rešetke, pa meso ima i lep

izgled posle pečenja i ostaje sočno.

ODRŽAVANJE:
Nakon svake upotrebe, sve delove roštilja oprati i osušiti. Roštilj odložiti na suvo mesto radi zaštite

od rđe.",Dvorište i bašta,"Roštilji, sačevi i kotlići"
JBL Tune 600 BTNC Bluetooth Slusalice sa Noise cancellingom,Korišćeno,6500,din,"Prodajem JBL Tune 600BTNC bluetooth slusalice, odlicno ocuvane i potpuno ispravne.
Uz slusalice se dobija micro usb kabel za punjenje.

Kompaktne on-ear bežične slušalice idealna su solucija za svakodnevnu upotrebu.
Sada možete uživati u zvuku bez nepotrebne buke sa strane zahvaljujući Noise-Cancelling tehnologiji.
Baterija autonomije 12h kompletno je napunjena za samo 2h.
Uživajte u zabavi tokom celog dana!

Glavne karakteristike:
Zadržite buku izvan svog sveta muzike
Poseduju aktivnu noise-cancelling tehnologiju
Precizan, impresivan zvuk
Jednostavno povezivanje preko blututa sa mobilnim uređajima
JBL Pure Bass tehnologija i drajveri od 32 mm obezbediće Vam savršen bas
Baterija autonomije 12h kompletno je napunjena za samo 2h
Ugrađeni mikrofon omogućava hands-free pozive
Napravljene od izdržljivih materijala
Dizajnirane za udobno višečasovno nošenje",Audio,Slušalice
De Longhi Caffe Container,Korišćeno,3600,din,"Prodajem ispravan i testiran De Longhi Caffe Kontejner. Radi na 4 AA baterije i izvlaci vazduh iz posude, kako bi zadrzala svezina kafe.
Držite kafu optimalnu svežu sa De'Longhi vakumski zatvorenim kanisterom za drzanje kafe. Kanister za skladištenje kafe smanjuje otpad.
Veliki kapacitet posude od 1.6l znači da više nećete morati rizikovati gubljenje arome kafe koja se čuva u vrećici u ormaru.
Jednostavno pritisnite vakuum taster na poklopcu jednom i posuda će stvoriti vakuumsku svežinu za minut ili dva. Moderna brušena srebrna posuda izgledace fantastično u svakom kuhinjskom okruženju i lako se može uskladiti s drugim čašama za čuvanje čaja i kafe.
Posuda za kafu se može lako isprazniti u aparat za kafu ili mlin. Unutrasnji kanister za kafu može se lako ukloniti za jednostavno čišćenje. Kanister za kafu učinice savršeni poklon za ljubitelje kafe, a pogodan je za sve vrste kafe, uključujući kafu u zrnu i filter kafu. Aparat radi na 4 AA baterije.
 ",Bela tehnika i kućni aparati,Aparati za kafu
Torbica za drzanje mobilnog na biciklu waterproof,Kao novo - nekorišćeno,1200,din,"Prodajem odlicno ocuvanu i nekoriscenu torbicu za drzanje mobilnog telefona na biciklu.
Torbica je waterproof.",Bicikli | Delovi i oprema,"Bisage, korpe i prikolice"
Mikrofon za Kalibraciju,Korišćeno,2400,din,Prodajem mikrofon za kalibraciju zvuka na audio sistemima. Mikrofon je potpuno ispravan i odlicno ocuvan.,Audio,Risiveri | Surround
Logitech Harmony ONE univerzalni daljinski sa Touch Ekranom,Korišćeno,6000,din,"Prodajem Logitech Harmony One univerzalni daljinski sa color touch ekranom, potpuno ispravan i odlicno ocuvan. Logitech Harmony One - univerzalni daljinski, zamenite sve daljinske jednim, malo koriscen, perfektno stanje.   Uz njega ide postolje, punjac, kabl i baterija. Daljinski se lako programira i u sebi ima ugradjene programe za skoro sve uredjaje na trzistu a koje nema lako moze da “ nauci” ukoliko imate originalan daljinski. Takodje, postoji mogucnost pravljenja takozvanih aktivnosti gde se jednim klikom dugmeta ukljucuje nekoliko uredjaja, na primer ukljucuje se TV, automatski prebacuje na HDMI 1 ulaz, ukljucuje se SBB prijemnik i u tom slucaju zvuk kao i kanale kontrolisete na jednom daljinskom. Prednost ovog daljinskog u odnosu i na novije modele je to sto ovaj daljinski ima ekran osetljiv na dodir ali i dugmice za brze rukovanje kao i to da mu je baterija zamenjiva. Takodje mozete upravljati i sa klima uredjajima, svetlima kao i ostalim uredjajima koji se kontrolisu uz pomoc IR-a (infra crvenih zraka).",TV i Video,Daljinski upravljači
DeLonghi EN660.R Nespresso Lattissima Espresso Maker,Korišćeno,7500,din,"Prodajem DeLonghi EN660. R Nespresso Lattissima Espresso maker, potpuno ispravan i odlicno ocuvan. Nedostaje posuda za mleko tako da pravi kratki i dugacki espresso, samo za prave ljubitelje espresso kafe. Aparat radi na nespresso kapsule.",Bela tehnika i kućni aparati,Aparati za kafu
Maska za Iphone XS Max na preklop,Kao novo - nekorišćeno,1000,din,Maska za Iphone XS Max ocuvana u svojoj originalnoj ambalazi.,Mobilni tel. | Oprema i delovi,"Apple iPhone | Futrole, maske i folije"
"USB 3,0 Produzni kabel",Korišćeno,1000,din,"Pruduzni kabel USB 3,0 Ocuvan i ispravan.",Kompjuteri | Desktop,Kablovi i adapteri
Albrecht Digital Radio DR57,Korišćeno,10000,din,"Prodajem Albrecht Digital radio DR57 uredjaj sluzi za prijem digitalnih stanica na postojecem radio prijemniku u kolima. Uredjaj ima i funkciju Bluetooth tako da se moze koristiti i za razgovore.
Isporucuje se sasvom opremom koja se nalazi u originalnoj kutiji u kojoj je kupljen.

O proizvodu
Radio adapter za automobil DR 57 omogućava bez suma prijem digitalnih radio stanica u vozilu. Zahvaljujući automatskom praćenju usluge, DR 57 uvek pronalazi najjači predajnik.
Ažuriranje auto-radija: DAB + je budućnost, već dostupan standard za digitalni radio prijem i zameniće FM radio. DR 57 je kompatibilan sa bilo kojim starim auto-radiom zahvaljujući FM predajniku. Jednostavno praktično: adapter DR 57 je pričvršćen nosačem usisne čaše i rotirajućim kugličnim zglobom. Hendsfri sistem omogućava pozive tokom vožnje, idealan za putnike i kamione. MP3 omiljena muzika: Bluetooth interfejs na DR 57 brzo se povezuje sa vašim pametnim telefonom ili tabletom. Ovo vam omogućava da tokom vožnje slušate svoju omiljenu muziku, uključujući Spotifi i druge.
Uređaj ima 30 omiljenih memotija i 5 omiljenih tastera. Spoljni audio uređaji se mogu povezati preko Aux-in i Line-Out konektora. Uspostavite kablovske veze sa auto-radiom.",Automobili | Oprema,Radio/CD/DVD/Multimedia za auto
PLANTRONICS slušalice BLACKWIRE C720-M (Crne),Korišćeno,12000,din,"Prodajem Plantronics C720-M USB Bluetooth Stereo NC slušalice, potpuno ispravne i odlicno ocuvane, u svojoj originalnoj torbici.

Karakteristike

Proizvođač: Plantronics
Model: C720-M
Kratak opis: USB BT Stereo NC slušalice
Kontrole: Podešavanje jačine zvuka, uključivanje/isključivanje mikrofona i prebacivanje sa USB na Bluetooth mod
Noise-canceling (mic): Da
Konekcija: Bluetooth v3.0 + USB
Ostalo: Sistem Stereo. Frekventni odziv 20Hz - 20KHz. F
rekventni odziv mikrofona 100Hz – 8kHz. Punjiva baterija. Autonomija baterije: do 10 sati. Sertifikovano za Skype for Business i optimizovano za Microsoft Lync. Kompatibilnost sa Windows i MacOS uređajima",Kompjuteri | Desktop,Slušalice i mikrofoni
Abus Xplus 6400 Brava sa Sponama,Neispravno ili oštećeno,1800,din,"Abus Xplus 6400 brava sa sponama odlicno ocuvana ali na zalost kljucevi su izgubljeni tako da se prodaje bez njih, zato je i ova minimalna cena.",Bicikli | Delovi i oprema,Pumpe i brave za zaključavanje
Voltcraft VC404 Unimer,Korišćeno,1500,din,"Prodajem Voltcraft merni instrument VC404 potpuno ispravan i ocuvan, jedino su se pipalice kod ulaska u instrument malo razlabavile, trebalo bi ih promeniti u skorije vreme, one sada rade i ispravne su.",Elektronika i komponente,Merni uređaji
Kenwood Nastavak za mesenje testa,Korišćeno,1800,din,"Prodajem Kenwood nastavak za mesenje testa, ispravan i ocuvan.",Ugostiteljstvo | Oprema,Kuhinjska oprema
Bose SoundTouch 10 Multi-room WiFi Bluetooth Zvucnik,Korišćeno,120.0,€,"Prodajem Bose SoundTouch 10 Multi- Room WiFi Bluetooth zvucnik, potpuno ispravan i perfektno ocuvan. Isporucuje se sa originalnim strujnim kablom i daljinskim.

Karakteristike
Tip: Zvučni sistem
Ugrađeni Wi-Fi i Bluetooth
Wireless podrška: 802.11 b/g/n
Podržani audio formati: MP3, WMA, AAC, FLAC, Apple Lossless
Portovi: AUX, USB
Boja: Crna",Audio,Zvučnici | Bluetooth zvučnici
Melitta Molino Elektricni mlin za espresso Kafu,Kao novo - nekorišćeno,5000,din,"Pradejem elektricni mlin za espresso kafu Melitta Model Molino, potpuno ispravan i funkcionalan, nov i koriscen samo jednom radi probe i slikanja. Mlin ima svoju originalnu kutiju.

Posuda za zrna kafe sa kapacitetom od najviše 200g.
Podesite količinu kafe za 2-14 šolja
17 individualnih podešavanja mlevenja
Energetski efikasna, mala potrošnja energije i automatsko isključivanje. Komponente koje se lako uklanjaju, npr. Brusni disk, posuda za mlevenu kafu i poklopac
Mlevena kafa sakupljena u odvojivom kontejneru.",Bela tehnika i kućni aparati,Aparati za kafu
Korg Toneworks AX30B Bass Multi Effects Pedal,Korišćeno,7500,din,"Korg AX 30B Bass Multi Effects Pedal procesor, potpuno ispravan i solidno ocuvan sa sitnim tragovima koriscenja.",Muzika i instrumenti,Bass gitare | Oprema i delovi
"Onkyo SBX-200 Audio Speaker for iPod, iPhone and iPad",Korišćeno,8000,din,"Onkyo Sbx-200 Bluetooth zvucnik za Ipod, Ipad i Iphone, potpuno ispravan i odlicno ocuvan sa sitnim tragovima koriscenja i sa svojim originalnim strujnima adapterom. Ipod sa slike ne ide sa zvucnikom.

iPod, iPhone, iPad digitalna audio veza i dock za punjenje.
Bežična reprodukcija muzike preko Bluetooth-a za iPod touch, iPhone, iPad ili Android telefona Snažnih 20 V, Ch pri 6 oma, 1 kHz, 2 kanala Digitalno  pojačala za održavanje čistih audio signala Aktivna kontrola basa, Super Bas funkcija",Audio,Zvučnici
Bose SounddDock Series II Digital Music System,Korišćeno,7000,din,"Bose SoundDock Serije II Potpuno ispravan i odlicno ocuvan sa sitnim tragovima koriscenja, prodaje se sa svojim originalnim strujnima adapterom i bez ipoda.",Audio,Zvučnici
HP Google Chromebook 11 G1 G2 Micro USB 5.25V 3A AC Adapter,Korišćeno,2000,din,"Originalni HP punjac za Google chromebook 5,25V 3A
Potpuno ispravan i odlicno ocuvan.",Kompjuteri | Laptop i tablet,Laptopovi | Adapteri
Messerschmidt Elektricni mlin za Zitarice,Korišćeno,9500,din,"Nemacki Elektricni mlin za zitarice, potpuno ispravan i funkcionalan, odlicno ocuvan.",Bela tehnika i kućni aparati,Kuhinjski aparati
Seamless Device Controller SPIN REMOTE SDC-1 Wi-Fi Original,Kao novo - nekorišćeno,8500,din,"Potpuno ispravan odlicno ocuvan ALL in 1 daljinac koji radi sa gestovnim komandama, pogledajte na netu sta sve on radi.

SpinRemote All-in-1 Infrared remote
Preconfigured for Sonos, Philips Hue, LG Smart TV, Bose SoundTouch, Denon Heos, LIFX (more to come)
Software updates via the App
2 AA batteries
Phone/tablet with iOS 8 or later or Android 4.3 or later, with Bluetooth 4.0 or above
360° Infrared (standalone)
Bluetooth Low Energy (BLE)
Wi-Fi (via the App)
      Description
With SDC-1, you will control your devices intuitively with simple gestures for immediate responsiveness - for a unique and exciting experience.",TV i Video,Daljinski upravljači
Shure DFR 11EQ Digital Feedback Reducer + EQ,Korišćeno,7000,din,"Shure DFR 11EQ Digitalni prigusivac povratnog zvuka, potpuno ispravan i odlicno ocuvan.

Shure DFR11EQ je jednokanalni procesor signala koji u jednostavnom pakovanju od 9,5 inča kombinuje ekvilajzer, reduktor povratne sprege, graničnik i Delay. DFR11EK je dizajniran za postavljanje u putanju PA signala kako bi se omogućilo izjednačavanje celog PA odgovora i automatsko otkrivanje i kontrola akustičke povratne informacije. DFR11EK je dizajniran za aplikacije u instaliranim zvučnim sistemima, kao što su u pozorištima, konferencijskim salama, skupštinskim salama ili crkvama. DFR11EK je takođe efikasno sredstvo za kontrolu glavnih modova povratnih informacija u aplikacijama za muziku uživo.
Ekvilajzer DFR11EK može se podesiti da deluje kao 30-opsežni grafički ekvilajzer ili kao 10-opsežni parametrični ekvilajzer. Grafički ekvilizator treće oktave može pojačati svaki opseg do 6 dB ili ga smanjiti za 12 dB. Parametrični ekvilajzer omogućava podesivu frekvenciju, pojačanje do 6 dB ili smanjenje za 18 dB i propusnost do dve oktave.
Stepen smanjenja povratnih veza DFR11EK automatski ubacuje filtere za odbacivanje uskih opsega na otkrivenim frekvencijama povratnih informacija. Ovi bandstop filteri sprečavaju povratni sistem povratnih informacija; međutim, one su dovoljno uske da je njihov uticaj na kvalitet zvuka minimalan. Algoritam za otkrivanje povratne informacije neprestano traži povratne informacije, bilo da je prisutan zvuk programa ili ne.

karakteristike hardvera
- Cristal * 20-bitni A / D i D / A pretvarač (Analog-Digital, Digital-Analog) omogućava dinamički raspon od 104 dB.
- 48 kHz frekvencija uzorkovanja omogućava linearni frekvencijski odziv do 20 kHz. - Scene sačuvane u uređaju mogu se birati preko tastera na prednjoj ploči.",Muzika i instrumenti,Ozvučenja | Oprema i delovi
Braun Serija 9 Aparat za Brijanje Crni,nepoznato,7000,din,"Prodajem Braun aparat za brijanje Serija 9.   Brijac je u odlicnom radnom stanju i odlicno radi, jedino bi mozda trebalo zameniti glavu, mada i sa ovom on dobro radi.
Brijac se isporucuje sa originalnim strujnim adapterom.

Karakteristike

5 specijalizovanih delova brijača jednim potezom rade ono što drugi rade iz dva – manje poteza i manje iritacije kože, Patentirana SyncroSonic tehnologija očitava i prilagođava se vašoj bradi 160 puta u sekundi, obezbeđujući dovoljno snage tamo gde je najpotrebnije, Svetska 5-funkcijska Clean& Charge stanica na bazi etanola koja čisti, podmazuje i higijenski suši vaš aparat za brijanje pritiskom na dugme
Wet & Dry - Može se koristiti kao suvo ili brijanje ispod tuša Vodootporan Da Ostalo Najefikasniji i najudobniji brijač na svetu – dokazano na trodnevnoj bradi u odnosu na lidere u klasi
LED displej sa indikatorima za punjenje, čišćenje i održavanje (podsetnik za zamenu folije i nožića)
1 sat punjenja za pun kapacitet, 5 minuta punjenja za jedno brijanje
Baterija: Li-Ion
Clean& Charge stanica, kertridž
Smart utikač sa automatskim podešavanjem napona (100-240 V) Boja Srebrna
Patentirana SyncroSonic tehnologija
5-funkcijska Clean& Charge stanica
LED displej za punjenje, čišćenje i održavanje
5 minuta punjenja za jedno brijanje","Nega lica, tela i ulepšavanje",Oprema za brijanje
JBL Free X bluetooth slušalice Crne,Korišćeno,4500,din,"Prodajem JBL X Free bluetooth slušalice Crne, ispravne i ocuvane.

Zaista bežični Otkrijte slobodu bežičnog života koji sluša muziku, upravlja vašim pozivima ili radom.
JBL Signature Sound Impresivan JBL Signature Sound isporučen u intuitivnom, inteligentnom paketu. 24 sata kombinovane reprodukcije
Uživajte u celom danu bežičnog zvuka, sa 4 sata neprekidnog reprodukovanja i 20 sati napajanja u slučaju punjenja.
Podrška A2DP V1.3, AVRCP V1.6, HFP V1.6, HSP V1.2
Kompatibilnost Koristite telefone, tablete, računare
Bluetooth verzija 4.2
Predajnik snage <9.5dBm
Frekvencijski opseg2.402 - 2.480GHz
ModulacijaGFSK, p / 4 DKPSK, 8DPS",Mobilni tel. | Oprema i delovi,Slušalice za mobilne telefone
Soehnle Attraction Stainless Steel Kitchen Weighing Scale,Korišćeno,1200,din,"Prodajem Soehnle Kuhinjsku vagu digitalnu, odlicno ocuvanu, sa digitalnim ekranom.

Meri do [5kg / 9 lb, 15oz / 5000 ml / 180 fl oz (US) / 170 fl oz (US)], najveća preciznost (gradacija 1 g / 0,05 oz / 1 ml)
Ekran se može prebacivati između težine i zapremine. To znači da se tecnosti poput mleka i vode mogu prikazati u ml.
Inovativna i patentirana tehnologija Sensor Touch - dovoljan je blagi dodir upravljačke ploče
Veliki LED-ekran jednostavan za čitanje s plavim osvetljenjem.
Funkcija automatskog isključivanja koja štedi energiju",Bela tehnika i kućni aparati,Kuhinjski aparati
Ultrazvucni merac razdaljine i Dzinovski metar,Korišćeno,2400,din,"Prodajem ultrazvucni merac razdaljine u ultra veliki metar koji meri do 18 metara.
Ispravan i odlicno ocuvan, kao nov i nekoriscen.",Alati i oruđa,Za merenje
SONY Stereo Cassette Deck TC-K6B,Korišćeno,150.0,€,"SONY Stereo Cassette Deck TC-K6B Potpuno ispravan i perfektno ocuvan, jedino nedostaje plastika za kasetu koja ne smeta pri radu. Sve gumice su zamenjene i sve radi perfektno.",Audio,Kasetni dekovi
Swatch Irony Muski Chronograph,Korišćeno,4500,din,"Swatch chronograph muski sat, potpuno ispravan odlicno ocuvan u celiku.","Nakit, satovi i dragocenosti",Ručni satovi | Brendovi muški
Sony WI-C400 Bluetooth Slusalice,Kao novo - nekorišćeno,6500,din,"Prodajem Sony WI-C400 Bluetooth slusalice, potpuno ispravne i funkcionalne, zapakovane u svoju originalnu kutiju.

Uživajte u visokokvalitetnom zvuku sa udobnih bežičnih slušalica u bojama koje se uklapaju u vaš lični stil.
Dizajn nošenja iza vrata oblikovan je za udobno celodnevno slušanje. Obaveštenje vibracijom za dolazni poziv.
Trajanje baterije do 20 sati. Kvalitetan zvuk tokom celog dana.

Glavne karakteristike:
Dizajn nošenja iza vrata oblikovan je za udobno celodnevno slušanje
Udoban stil nošenja sa pametnim sprovođenjem kablova
Sinhronizuju se sa pametnim telefonom, dobijaju upozorenja na poruke i primaju dolazne pozive uz obaveštenje vibracijom
Dugmad za reprodukovanje, zaustavljanje ili prelazak sa numere na numeru i prilagođavanje jačine zvuka
Jednostavno BLUETOOTH® povezivanje uz NFC jednim dodirom",Audio,Slušalice
Apple strujni kabel,Kao novo - nekorišćeno,1000,din,Potpuno nov i nekoriscen Apple strujni kabel.,Kompjuteri | Laptop i tablet,Laptopovi | Apple oprema i delovi
Sigma EF500 DG Super Elektronski flash za Nikon,Korišćeno,5500,din,"Prodajem elektronski blic Sigma model EF500 DG Super potpuno ispravan i odlicno ocuvan.
Sigma EF 500DG Super Na, EF 500 DG Nikon Super - Blic sa automatskom kontrolom ekspozicije TTL (za SLR fotoaparate). Izlaz svetlosti vodećeg broja 50 / m na ISO 100. Podesiva glava blica, do 90 ° prema gore, do 180 stepeni levo i 90 ° desno. Š k V k D = 77Ks139Ks117 MM Težina: 335 g samo za Nikon D konektor. Nikon iTTL F14923",Foto,"Rasveta | Blicevi, blic glave i LED"
Ersa SMD 8000 Lemna stanica,Korišćeno,6500,din,"Prodajem Lemnu stanicu Ersa SMD 8000 Type SNT80 potpuno ispravna i solidno ocuvana sa sitnim tragovima koriscenja. Stanica ima dva ulaza, za lemilicu i za lemnu pincetu pogodnu za smd tehnologiju.",Alati i oruđa,Za elektroniku i elektriku
"Led Lenser H14,2 Lampa za glavu",Korišćeno,9999,din,"Prodajem Led lenser H14,2 lampu za glavu, potpuno ispravnu i funkcionalnu i perfektno ocuvanu.
Radi na 4 AA baterije 1,5 V ili na 4 punjive baterije i puni se preko obicnog micro usb kabla.

Led Lenser H14.2
Led Lenser H14.2 LED lampa za glavu je naslednik H 14 serije sa naprednijim CREe LEd čipom i mnogo većom snagom. Novi model je zahvaljujući revidiranom dizajnu ergonomski oblikovan, trajniji i zgodnije za korišćenje. Novi koncept prekidača čini lampu funkionalnijom i pomaže korisniku da upravlja praktičnim funkcijama osvetljenja. Rotirajući prekidač u odelju za baterije omogućava fleksibilnost u mogućnosti podešavanja osvetljenosti. Sa visoko osetljivim CREE LED čipom daje svetlost oko 350 lumena i do 3 puta jaču u odnosu na klasične lampe, nudi nekoliko programa osvetljenja sa različitim funkcijama. Lampa sa mekanom i udobnom trakom oko glave može da se okrene za 90 stepeni, izuzetno je lagana i prijatna za nošenje. Lampa je idealna za kampere, planinare, noćne džogere ili rudare. Sadrži indikator kapaciteta baterije. Može da se koristi i kao svetlo za bicikl, za nošenje oko glave ili nošenjem u ruci.
Karakteristike:
Podesiva dužina trake
Zadnja crvena LED baterija
Težina: 340g
Lumena: 350
Visoko osetljiv CREE LED čip
Indikator kapaciteta baterije: zeleno svetlo: kapacitet od 70-100%, žuto svetlo: manje od 70%, crveno svetlo:10-40%
Napajanje: 4 AA alkalne baterije 1.5v
Energetski rezervoar: 16.8Wh
Trajanje baterija: 8h (350 lumena), 60h (60 lumena)
Domet osvetljenja: 260m (350 lumena), 100m (60 lumena)",Lov i ribolov,Lov | Lampe
SR Suntour NCX Sticna Amortizer Sedista,Korišćeno,6500,din,"Prodajem Suntour NCX sticna amortizer perfektno ocuvana hromirana, naravno ispravna.

NCX sedište je konstruisano i napravljeno za godine udobnosti i performansi. Jedinstveni i patentirani dizajn paralelograma omogućava glatku usklađenost malih izbočina sa ukupno 50 mm hoda kako bi se postigla lagana vožnja. Udobnost, malo održavanja i dugotrajna izdržljivost je ono o čemu se radi u ovom postu. Stub sedišta SR SUNTOUR NCX je najbolji u klasi po performansama i vrednosti. Ovo je obavezna oprema za bilo kog biciklistu koji traži vrhunsku udobnost.

Putovanje od 50 mm
Čaure od nerđajućeg čelika
Patentirani dizajn paralelograma
Prednaprezanje podesivo
Dizajn unutrašnje spiralne opruge
Bočna stezaljka ima radijalni držač sa širokim opsegom podešavanja
Standardna opruga je predviđena za vozače od 65-85 kg
Težina 765g
Maksimalna visina umetanja 110 mm
Maksimalno produženje visine od 300 mm za dužinu od 350 mm
Maksimalno produženje visine od 350 mm za dužinu od 400 mm",Bicikli | Delovi i oprema,Sedišta
Viking TE 600 Elektricni trimer,Korišćeno,6000,din,"Prodajem Viking TE 600 elektricni trimer, potpuno ispravan i odlicno ocuvan.",Dvorište i bašta,Kosilice i trimeri
Siemens Gigaset SL400 Bezicni Telefon,Korišćeno,4500,din,"Prodajem Bezicni telefon Siemens Gigaset Sl400 potpuno ispravan i savrseno ocuvan.

Opis proizvoda:
Izradjen od luksuznih materijala – metalni okvir i osvetljeni metalni tasteri
Kolor displej, Bletooth konekcija, ECO DECT tehnologija bez zracenja
Adresar sa 500 unosa, sinhronizacija preko Bluetooth-a ili mini USB prikljucka
Talk-/Standby vreme 14h/200h
Izuzetan kvalitet zvuka, prikaz slike pozivaoca, screen saver, Vibracija",Bela tehnika i kućni aparati,Telefoni i telefaks aparati
Celicna sajla 5 metara sa Katancem,Kao novo - nekorišćeno,2500,din,Prodajem plastificiranu celicnu sajlu duzine 5 metara sa katancem u plasticnom kucistu i dva kljuca.,Bicikli | Delovi i oprema,Pumpe i brave za zaključavanje
Samsung ASC MIC SM-100 Mikrofon za kalibraciju zvuka,Korišćeno,2500,din,"Samsung mikrofon za kalibraciju zvuka u sobi, ispravan i i cuvan, ovo bi svaka kuca trebala da ima.",Audio,Risiveri | Surround
Omron Walking Style One HJ-152K-E Pedometar,Korišćeno,1800,din,Potpuno ispravan i odlicno ocuvan pedometar Omron.,Sport i razonoda,Oprema za fitnes i aerobik
iSi Dessert Whip Mini boca za Slag,Kao novo - nekorišćeno,6000,din,"iSi Dessert Whip Mini, potpuno nova i nekoriscena profesionalna boca za slag, sa svim svojim dodacima, koje mozete videti na slikama na kutiji. Gratis se dobija 10 patrona za bocu.",Ugostiteljstvo | Oprema,Barska oprema
"Laptop desk, Breakfast tray, Small wood desk, Lap tray, Bed",Korišćeno,2400,din,Odlican Lap Top stand ili za dorucak u krevetu posluzavnik.,Kompjuteri | Laptop i tablet,Laptopovi
Resmed S9 Aparat za Sleep Apneu,nepoznato,270.0,€,"Prodajem CPAP Aparat za Sleep Apneu Resmed S9 potpuno ispravan i odlicno ocuvan.
Aparat je radio 10325 sati i prodaje se bez maske i ovlazivaca vazduha, uz uredjaj ide strujni adapter
i originalna torba za nosenje i drzanjer aparata",Usluge | Zdravstvo,Nega starih i bolesnih
Sennheiser Torbica,Korišćeno,1200,din,Sennheiser torbica ocuvana.,Audio,Slušalice
Olympus Mju Tough 6010 digitalni fotoaparat,Korišćeno,4500,din,"Predmet prodaje je ispravan i testiran digitalni fotoaparat Olympus Mju Tough 6010.
Fotoaparat se isporucuje punjacem za bateriju i memorijskom karticom.


Otporan je na udarce, vodu i smrzavanje, ovaj moćni uređaj sa rezolucijom od 12 megapiksela je Vaš savršeni saputnik. Olympus µ TOUGH-6010: Za svakodnevni život pun izazova.
Olympus µ TOUGH-6010 digitalni fotoaparat, ključne karakteristike:
Slikajte u vlažnim, hladnim uslovima ili nezgodnim situacijama - otporan na padove sa visine do 1.5m, vodootporan do 3m i otporan na smrzavanje do -10° C
Izuzetno precizan 3.6x širokougaoni optički zum (28-102 mm*) za snimanje sjajnih prizora i odličnih slika iz blizine čak i u ekstremnim uslovima
Dvostruka stabilizacija slike za smanjenje zamućenosti
Izuzetno praktična upotreba kroz meni za kontrolu tapkanjem
12 Megapiksela za štampanje slika veličine postera
HyperCrystal LCD, dijagonale 6.9cm/2.7"" za do sada najbolji pregled čak i po veoma jakom suncu i pod ekstremnim uglovima (230,000 tačaka)
Napredni sistem za otkrivanje do 16 osoba za savršeno izoštrena i eksponirana lica i ispravna ekspozicija ostalih delova slike
Jednostavan put do savršenih slika - Inteligentni automatski režim otkriva pet najčešće korišćenih programa za snimanje i automatski prilagođava postavke fokusa i ekspozicije
Dajte svojim slikama umetnički dodir uz pomoć Magičnih filtera
Osvežite svoja sećanja uz snimanje video zapisa sa zvukom
Kompatibilan sa xD-Picture karticama i microSD karticama
Senzor za sliku
Stvarni broj piksela: 12 Megapiksela
Vrsta filtera: Filter za osnovne boje (RGB)
Puna rezolucija: 12,7 Megapiksela
Tip: 1/2,33 '' CCD senzor
Objektiv
Optički zum: 3,6 x (Širokougaono)
Žižna daljina: 5,0 - 18,2 mm
Žižna daljina ekvivalentna 35mm formatu: 28 - 102 mm
Struktura: 10 sočiva/ 8 grupa
Asferični elementi sočiva: 2
Maksimalni otvor blende: 3,5 - 5,1
Digitalni zum
Faktor uvećanja: 5 x / 18 x u kombinaciji sa optičkim zumom
LCD
Rezolucija: 230000 tačaka
Veličina ekrana: 6,9 cm / 2,7 ''
Vrsta LCD ekrana: HyperCrystal III LCD
Pomoć u kadriranju: Ima
Podešavanje osvetljenosti: +/- 2 nivoa
Pojačanje osvetljenja LCD: Ima
Sistem fokusiranja
Metod: TTL iESP autofokus sa detekcijom kontrasta
Fokusiranje u tački: Ima
Face Detection AF: Ima
Standardni režim: 0,5m - ∞ (širokougaoni) / 0,5m - ∞ (tele)
Makro: 0,1m - ∞ (širokougaoni) / 0,3m - ∞ (tele)
Super Makro: Najmanja žižna daljina 2 cm
Merenje svetlosti
Prikaz histograma tokom snimanja: Ima
Načini rada: ESP merenje svetlosti, Merenje u tački",Foto,Digitalni fotoaparati | Kompakt
Lens Rubber Hood,Korišćeno,1200,din,"Lens rubber hood, solidno ocuvan made in Germany.",Foto,Zonerice
Sigma NC-2 Torbica za objektiv Made in Japan,Korišćeno,1800,din,"Torbica za objektive sigma NC-2 made in Japan, perfektno ocuvana, kao nova, ako i nije.",Foto,"Futrole, torbe i kaiševi"
Olympia SM8 DeLyxe 1969 Pisaca Masina,Korišćeno,6500,din,"Prodajem Olympia SM8 Deluxe pisacu masinu iz 1969 godine, perfektno ocuvana i dalje radi kao nova. Masina je u svojoj originalnoj koznoj torbi za nosenje.",Oprema za poslovanje,Kancelarija | Pribor i materijali
Gritzner typewriter lettering machine 4-1001-018,Korišćeno,6000,din,"Prodaje se Vintage masina za kucanje etiketa iz 1960 godine u odlicnom stanju, sve tipke rade, jedino su jastucici po kome se kuca suvi i treba ih natopiti sa bojom.",Oprema za poslovanje,Kancelarija | Pribor i materijali
ABUS Brake disc lock GRANIT™ Quick 37/60,Korišćeno,4500,din,Abus quick Lock Granit za zakljucavanje motora ispravan sa svojom torbicom i jednim kljucem.,Motocikli | Oprema i delovi,Obezbeđenje motocikala
Apple Mini Display Port to DVI,Korišćeno,1200,din,"Prodajem Apple Mini display Port to DVI, ispravan u svojoj originalnoj kutiji, nekoriscen.",Kompjuteri | Desktop,Apple desktop | Oprema i delovi
Deuter Torba za Lap Top,Korišćeno,1800,din,Prodajem Deuter Lap Top Case nov i nekoriscen. Za lap top do 15 inca.,Kompjuteri | Laptop i tablet,Torbe i rančevi
Sigurnosni Prsluk MarinePool Ocean Pro EN395-100N,Korišćeno,3600,din,MarinePool  Ocean Pro EN395-100N Sigurnosni Prsluk sa pistaljkom ocuvan i ispravan do 90kg tezine.,Plovni objekti,Delovi i oprema
Huawei R207 Mobile Wi-Fi,Korišćeno,1800,din,"Prodajem Huawei R207 Mobile Wi-Fi potpuno ispravan, radi na Vip mrezi.",Kompjuteri | Desktop,Modemi i ruteri
TROTEC T250 infracrveni termo-higrometar,Korišćeno,8500,din,"Trotec T250 infracrveni termo higrometar Kao profesionalni ručni instrument u seriji MultiMeasure, T250 vam nudi istu preciznost, visok kvalitet i jednostavnost
rada kao i T200. Osnovna razlika je posebno širok raspon funkcija koje pruža, jer T250 kombinuje termohigrometar, laserski pirometar i alarm o tački rose u samo jednoj jedinici. Tri načina rada i mnoge merne funkcije mogu se izabrati samo jednom rukom pomoću točkića - pretvorite T250 u mobilnu mernu stanicu u formatu gornjeg džepa: U režimu TH merni instrument odgovara T200 i nudi vam sve funkcije ovog termohigrometra. U IR režimu možete koristiti T250 kao laserski pirometar za merenje površinske temperature sa oznakom mesta merenja. Na gornjem ekranu izmerene vrednosti
vrednost realnog vremena se prikazuje kontinuirano, a na donjem izmerenoj vrednosti ili odgovarajući minimum, maksimum, prosek ili vrednost. Posebna praktična prednost je funkcija alarma za tačku rose: U režimu DP temperatura rosišta i temperatura površine prikazuju se istovremeno na dobro vidljivom displeju. Čim je temperatura zida ispod temperature rosišta, T250 upozorava korisnika
optičkim laserskim signalom i tonom alarma. Zidne površine mogu se u kratkom roku pregledati i brzo se otkriju slabosti pomoću funkcije alarma. Pragovi alarma se mogu pojedinačno podesiti. Na susednoj slici su prikazani granični opsezi stvaranja kondenzacije ili plesni u zgradama u zavisnosti od minimalne temperature na površini u području toplotnih mostova. Sa T250 sve potrebne
merne promenljive sobna temperatura, vlažnost, temperatura površine, tačka rose mogu se odrediti samo jednim mernim instrumentom! Svakodnevni radni uslovi često uključuju prašinu i prljavštinu što može falsifikovati rezultate merenja i skratiti životni vek senzora. Merni uređaj T250 standardno je opremljen metalnim mrežnim
filterom!",Elektronika i komponente,Merni uređaji
Texas Instruments TI-nspire CAS Graficki Kalkulator,Korišćeno,10000,din,"Prodajem Graficki Kalkulator Texas Instruments TI-nspire CAS, potpuno ispravan i odlicno ocuvan.",Oprema za poslovanje,Kancelarija | Pribor i materijali
Ceecoach Bluetooth Komunikator,Korišćeno,300.0,€,"Ceecoach Bluetooth Comunicator potpuno ispravan i odlicno ocuvan uz uredjaj se isporucuju i Jbl Bluetooth slusalice.
Ceecoach je handsfree interni komunikator kratkoga dometa koji koristi Bluetooth tehnologiju za zatvorenu komunikaciju među grupom ljudi Ovaj komunikator se pokazao nezamjenjivim u komunikaciji trenera i sportaša, ali i u komunikaciji takmicara na raznim trkama, takmicenjima, regatama i slično. Jedrenje i nautika su sigurno neki od sportova u kojima će Ceecoach naći svoje mesto, posebno velike jedriličarske regate krstaša u kojima je dobra komunikacija veoma važna. Jedan set Ceecoach komunikatora sastoji se od jedne glavne komunikacijske jedinice i do pet priključnih. Protokol komunikacije je svestran, što osigurava svima da komuniciraju. Slušalica s mikrofonom spaja se na sam uređaj, koji zahvaljujući kompaktnim dimenzijama stane u džep, na remen ili se posebnim držačem pričvrsti na podlakticu, što osigurava slobodan rad ruku.",Sport i razonoda,Oprema za fitnes i aerobik
Logitech Z506 Tri satelita,Korišćeno,2400,din,"Prodajem Logitech Z506 dva satelita, levi i desni. Zvucnici su ispraavni i ocuvani.
Srednji je prodat.",Audio,Zvučnici
Siemens Gigaset SL450H Voip Telefon,Korišćeno,9000,din,"Prodajem Bezicni VOIP telefon Siemens Gigaset SL450H potpuno ispravan i odlicno ocuvan.

Karakteristike

• DECT/GAP bežični telefon
• TFT displej, dijagonale 2.4 inča, 65k boja
• Micro-USB priključak
• Bluetooth® 2.0
• Povezivanje sa računarom preko Micro-USB ili Bluetooth beze (uređivanje imenika, prenos melodija, prenos slika)
• ECO Plus DECT - Tehnologija smanjenog zračenja
• HSP™ - Brilijantan kvalitet zvuka, precizan i čist glas sa svakim pozivom
• HDSP™ telefoni – izuzetan zvuk za internet telefoniju
• 2.5mm priključak za slušalice
• Handsfree funkcija - full duplex spikerfon
• Belo osvetljeni tasteri
• 2 podesiva tastera ispod displeja
• Navigacioni taster
• LED signalizacija za nove pozive i poruke
• Jednostavno podešavanje čujnosti
• Višejezični meniji
• Podešavanje kolor šeme
• Screensaver: digitalni/analogni sat, fotografija. ..
• Polifone melodije zvonjenja (21+5)
• Vibracija prilikom zvonjenja
• Redial (20 poslednjih brojeva)
• Telefonski imenik, adresar (500 memorija )
• Kalendar, datum, vreme, alarm. ..
• SMS funkcija
• CLIP (20 memorija)
• Prikazivanje slike pozivatelja
• Zaključavanje tastature
• Trajanje baterije: stdby: do 200 sati
• Trajanje baterije: razgovor do 12 sati
• Baterija: Li-ion (750mAh)
• Dimenzije ručnog dela: 130x51x19mm
• Mogućnost prijavljivanje do 6 slušalica",Bela tehnika i kućni aparati,Telefoni i telefaks aparati
Bose PS 72 Strujni Adapter za Lifestyle sisteme,Korišćeno,1200,din,Prodajem Strujni adapter 12 volti Model PS72 pogodan za modele Lifestyle 3 8 12 20 25 30 40 50,Audio,Delovi i oprema
Polar Balance Scale Model 1G Bluetooth,Korišćeno,3600,din,"Prodajem Polar balance smart vagu, potpunoispravnu i odlicno ocuvanu, nedostaje poklopac od baterija ali one stoje cvrsto i ne ispadaju.",Sport i razonoda,Oprema za fitnes i aerobik
Celofan Za pakovanje 4 Tube,Kao novo - nekorišćeno,3600,din,"Celovan u tubi 4 komada nov i nekoriscen, cena je za sve cetiri tube.",Oprema za poslovanje,Potrošna roba i materijali
